InicioUtcMs,FinUtcMsExclusivo,Open,High,Low,Close,Volume,MinutosEsperados,MinutosRecibidos,EsParcial
1704153600000,1704196800000,2352.05000000,2431.30000000,2346.95000000,2391.24000000,256378.30500000,720,720,False
1704196800000,1704240000000,2391.24000000,2404.68000000,2341.00000000,2355.34000000,201663.35920000,720,720,False
1704240000000,1704283200000,2355.35000000,2385.45000000,2294.01000000,2307.68000000,201971.17690000,720,720,False
1704283200000,1704326400000,2307.99000000,2308.60000000,2100.00000000,2209.72000000,596758.31000000,720,720,False
1704326400000,1704369600000,2209.72000000,2244.93000000,2201.91000000,2228.14000000,189379.30290000,720,720,False
1704369600000,1704412800000,2228.13000000,2294.69000000,2222.70000000,2267.11000000,259464.75210000,720,720,False
1704412800000,1704456000000,2267.11000000,2274.76000000,2212.00000000,2241.97000000,205059.33550000,720,720,False
1704456000000,1704499200000,2241.97000000,2277.21000000,2206.17000000,2268.78000000,200508.66510000,720,720,False
1704499200000,1704542400000,2268.78000000,2270.00000000,2216.40000000,2238.67000000,107879.39050000,720,720,False
1704542400000,1704585600000,2238.67000000,2254.77000000,2228.37000000,2240.78000000,86188.47510000,720,720,False
1704585600000,1704628800000,2240.77000000,2254.03000000,2230.26000000,2237.04000000,78101.14280000,720,720,False
1704628800000,1704672000000,2237.05000000,2258.01000000,2203.46000000,2221.42000000,129037.54990000,720,720,False
1704672000000,1704715200000,2221.42000000,2242.00000000,2166.38000000,2240.61000000,208953.27110000,720,720,False
1704715200000,1704758400000,2240.61000000,2358.20000000,2239.81000000,2330.44000000,330454.28360000,720,720,False
1704758400000,1704801600000,2330.43000000,2336.70000000,2285.40000000,2298.76000000,152050.90940000,720,720,False
1704801600000,1704844800000,2298.77000000,2371.72000000,2226.78000000,2344.29000000,399404.08370000,720,720,False
1704844800000,1704888000000,2344.30000000,2431.00000000,2339.59000000,2402.21000000,341073.31000000,720,720,False
1704888000000,1704931200000,2402.21000000,2643.10000000,2342.00000000,2584.38000000,697315.35600000,720,720,False
1704931200000,1704974400000,2584.37000000,2665.74000000,2566.01000000,2657.90000000,356799.35680000,720,720,False
1704974400000,1705017600000,2657.89000000,2689.39000000,2570.00000000,2618.01000000,481912.90090000,720,720,False
1705017600000,1705060800000,2618.01000000,2667.99000000,2580.00000000,2647.59000000,254022.84800000,720,720,False
1705060800000,1705104000000,2647.58000000,2717.32000000,2458.00000000,2522.54000000,633434.91470000,720,720,False
1705104000000,1705147200000,2522.55000000,2561.68000000,2497.50000000,2542.50000000,228762.65470000,720,720,False
1705147200000,1705190400000,2542.50000000,2590.00000000,2531.15000000,2578.19000000,193298.57730000,720,720,False
1705190400000,1705233600000,2578.18000000,2578.69000000,2534.58000000,2538.00000000,132315.08360000,720,720,False
1705233600000,1705276800000,2538.01000000,2546.58000000,2470.00000000,2472.87000000,173892.66270000,720,720,False
1705276800000,1705320000000,2472.87000000,2542.86000000,2470.92000000,2539.35000000,162825.61670000,720,720,False
1705320000000,1705363200000,2539.36000000,2553.82000000,2500.33000000,2511.78000000,152422.26520000,720,720,False
1705363200000,1705406400000,2511.79000000,2549.38000000,2505.00000000,2530.77000000,127515.44820000,720,720,False
1705406400000,1705449600000,2530.78000000,2614.43000000,2500.05000000,2587.40000000,253562.17650000,720,720,False
1705449600000,1705492800000,2587.41000000,2592.97000000,2534.40000000,2542.85000000,148483.45290000,720,720,False
1705492800000,1705536000000,2542.86000000,2574.75000000,2506.75000000,2530.19000000,217797.89480000,720,720,False
1705536000000,1705579200000,2530.20000000,2550.00000000,2510.03000000,2522.41000000,171097.66880000,720,720,False
1705579200000,1705622400000,2522.42000000,2535.27000000,2428.56000000,2470.81000000,280992.43860000,720,720,False
1705622400000,1705665600000,2470.81000000,2496.62000000,2443.13000000,2488.97000000,146084.64940000,720,720,False
1705665600000,1705708800000,2488.98000000,2504.20000000,2415.20000000,2492.00000000,278124.35350000,720,720,False
1705708800000,1705752000000,2491.99000000,2492.00000000,2463.31000000,2470.59000000,71420.68180000,720,720,False
1705752000000,1705795200000,2470.58000000,2475.91000000,2454.20000000,2472.01000000,65200.27590000,720,720,False
1705795200000,1705838400000,2472.02000000,2482.18000000,2465.00000000,2473.65000000,52069.40200000,720,720,False
1705838400000,1705881600000,2473.65000000,2481.05000000,2452.13000000,2457.05000000,70502.76670000,720,720,False
1705881600000,1705924800000,2457.06000000,2466.10000000,2361.60000000,2381.34000000,234086.78080000,720,720,False
1705924800000,1705968000000,2381.34000000,2404.97000000,2303.59000000,2314.20000000,292250.86840000,720,720,False
1705968000000,1706011200000,2314.19000000,2352.23000000,2203.11000000,2218.14000000,322454.94040000,720,720,False
1706011200000,1706054400000,2218.14000000,2248.21000000,2168.07000000,2242.60000000,377650.39100000,720,720,False
1706054400000,1706097600000,2242.60000000,2264.60000000,2211.64000000,2244.16000000,172886.42520000,720,720,False
1706097600000,1706140800000,2244.16000000,2248.19000000,2196.12000000,2235.02000000,186964.72440000,720,720,False
1706140800000,1706184000000,2235.02000000,2242.89000000,2203.37000000,2231.59000000,118726.49600000,720,720,False
1706184000000,1706227200000,2231.59000000,2234.20000000,2171.30000000,2218.64000000,211700.11010000,720,720,False
1706227200000,1706270400000,2218.64000000,2260.66000000,2195.84000000,2254.02000000,175974.71110000,720,720,False
1706270400000,1706313600000,2254.02000000,2282.36000000,2234.46000000,2267.68000000,187591.71440000,720,720,False
1706313600000,1706356800000,2267.67000000,2282.94000000,2251.40000000,2265.48000000,78836.74000000,720,720,False
1706356800000,1706400000000,2265.48000000,2277.49000000,2261.35000000,2267.94000000,66272.64360000,720,720,False
1706400000000,1706443200000,2267.94000000,2308.24000000,2263.00000000,2281.08000000,114037.24970000,720,720,False
1706443200000,1706486400000,2281.08000000,2286.08000000,2239.89000000,2256.90000000,95289.65900000,720,720,False
1706486400000,1706529600000,2256.90000000,2278.19000000,2250.57000000,2264.17000000,93980.13810000,720,720,False
1706529600000,1706572800000,2264.17000000,2322.34000000,2233.80000000,2317.60000000,211547.93950000,720,720,False
1706572800000,1706616000000,2317.61000000,2327.97000000,2301.00000000,2314.01000000,112734.10100000,720,720,False
1706616000000,1706659200000,2314.00000000,2391.98000000,2297.00000000,2343.01000000,260145.47810000,720,720,False
1706659200000,1706702400000,2343.00000000,2351.60000000,2280.77000000,2300.18000000,166936.65260000,720,720,False
1706702400000,1706745600000,2300.18000000,2350.30000000,2263.57000000,2283.14000000,230179.53330000,720,720,False
1706745600000,1706788800000,2283.15000000,2289.60000000,2240.00000000,2266.66000000,150640.40650000,720,720,False
1706788800000,1706832000000,2266.67000000,2311.72000000,2263.20000000,2304.28000000,160357.04730000,720,720,False
1706832000000,1706875200000,2304.28000000,2320.48000000,2296.87000000,2318.36000000,105336.68230000,720,720,False
1706875200000,1706918400000,2318.36000000,2324.74000000,2281.94000000,2309.06000000,132893.82870000,720,720,False
1706918400000,1706961600000,2309.07000000,2329.98000000,2300.24000000,2303.89000000,68408.59380000,720,720,False
1706961600000,1707004800000,2303.88000000,2313.88000000,2292.75000000,2296.49000000,64824.25120000,720,720,False
1707004800000,1707048000000,2296.50000000,2309.99000000,2286.71000000,2305.62000000,59067.79730000,720,720,False
1707048000000,1707091200000,2305.62000000,2311.00000000,2266.00000000,2289.79000000,112164.24710000,720,720,False
1707091200000,1707134400000,2289.79000000,2332.90000000,2269.11000000,2329.62000000,108201.50890000,720,720,False
1707134400000,1707177600000,2329.63000000,2338.41000000,2283.63000000,2301.83000000,128408.90310000,720,720,False
1707177600000,1707220800000,2301.84000000,2344.00000000,2299.00000000,2325.49000000,155217.54920000,720,720,False
1707220800000,1707264000000,2325.49000000,2392.40000000,2311.90000000,2372.64000000,213725.20060000,720,720,False
1707264000000,1707307200000,2372.63000000,2390.66000000,2354.00000000,2361.66000000,114210.37850000,720,720,False
1707307200000,1707350400000,2361.67000000,2444.44000000,2361.00000000,2425.10000000,228581.32280000,720,720,False
1707350400000,1707393600000,2425.09000000,2444.39000000,2411.01000000,2425.30000000,127833.82290000,720,720,False
1707393600000,1707436800000,2425.29000000,2463.15000000,2413.44000000,2419.55000000,210206.23100000,720,720,False
1707436800000,1707480000000,2419.56000000,2507.40000000,2419.16000000,2503.20000000,206258.90560000,720,720,False
1707480000000,1707523200000,2503.19000000,2525.00000000,2476.57000000,2486.56000000,286125.47940000,720,720,False
1707523200000,1707566400000,2486.56000000,2516.00000000,2471.57000000,2483.10000000,91906.32500000,720,720,False
1707566400000,1707609600000,2483.11000000,2516.45000000,2480.76000000,2500.24000000,93193.26500000,720,720,False
1707609600000,1707652800000,2500.24000000,2539.63000000,2493.80000000,2531.28000000,122762.37120000,720,720,False
1707652800000,1707696000000,2531.29000000,2532.31000000,2493.45000000,2507.21000000,97212.77590000,720,720,False
1707696000000,1707739200000,2507.22000000,2525.00000000,2472.00000000,2488.16000000,108967.11210000,720,720,False
1707739200000,1707782400000,2488.16000000,2665.58000000,2481.08000000,2659.99000000,340534.66390000,720,720,False
1707782400000,1707825600000,2659.99000000,2686.06000000,2635.96000000,2681.75000000,197422.82070000,720,720,False
1707825600000,1707868800000,2681.75000000,2686.12000000,2590.00000000,2639.99000000,305024.92430000,720,720,False
1707868800000,1707912000000,2639.99000000,2760.00000000,2618.40000000,2755.87000000,237553.40520000,720,720,False
1707912000000,1707955200000,2755.86000000,2786.00000000,2726.54000000,2774.81000000,224117.28920000,720,720,False
1707955200000,1707998400000,2774.80000000,2825.75000000,2759.25000000,2793.21000000,198359.94290000,720,720,False
1707998400000,1708041600000,2793.22000000,2867.65000000,2775.91000000,2822.59000000,283329.24450000,720,720,False
1708041600000,1708084800000,2822.58000000,2857.40000000,2794.31000000,2823.59000000,164219.06700000,720,720,False
1708084800000,1708128000000,2823.60000000,2847.22000000,2740.00000000,2801.80000000,213851.73670000,720,720,False
1708128000000,1708171200000,2801.81000000,2804.21000000,2765.22000000,2780.57000000,93181.94850000,720,720,False
1708171200000,1708214400000,2780.58000000,2801.16000000,2719.01000000,2785.93000000,150120.92740000,720,720,False
1708214400000,1708257600000,2785.92000000,2822.93000000,2764.25000000,2803.40000000,155972.23750000,720,720,False
1708257600000,1708300800000,2803.40000000,2895.00000000,2785.89000000,2881.20000000,212015.64580000,720,720,False
1708300800000,1708344000000,2881.20000000,2931.00000000,2856.93000000,2913.20000000,199100.76980000,720,720,False
1708344000000,1708387200000,2913.20000000,2984.52000000,2886.03000000,2944.80000000,247350.27030000,720,720,False
1708387200000,1708430400000,2944.80000000,2955.56000000,2874.56000000,2935.31000000,206060.61000000,720,720,False
1708430400000,1708473600000,2935.30000000,3033.09000000,2885.47000000,3014.81000000,428621.13710000,720,720,False
1708473600000,1708516800000,3014.81000000,3017.15000000,2887.23000000,2899.10000000,273522.27530000,720,720,False
1708516800000,1708560000000,2899.11000000,2980.00000000,2868.00000000,2967.90000000,322432.72800000,720,720,False
1708560000000,1708603200000,2967.91000000,3032.86000000,2906.51000000,2990.80000000,296111.87590000,720,720,False
1708603200000,1708646400000,2990.80000000,3036.02000000,2929.39000000,2971.40000000,267414.11770000,720,720,False
1708646400000,1708689600000,2971.40000000,2993.80000000,2913.30000000,2943.63000000,202167.90990000,720,720,False
1708689600000,1708732800000,2943.63000000,2962.77000000,2906.05000000,2922.24000000,226658.66880000,720,720,False
1708732800000,1708776000000,2922.25000000,2966.53000000,2906.40000000,2961.53000000,129615.78360000,720,720,False
1708776000000,1708819200000,2961.53000000,3007.48000000,2953.43000000,2992.62000000,114238.29470000,720,720,False
1708819200000,1708862400000,2992.62000000,3049.00000000,2983.61000000,3040.36000000,191734.34340000,720,720,False
1708862400000,1708905600000,3040.36000000,3122.00000000,3025.84000000,3112.59000000,220571.88030000,720,720,False
1708905600000,1708948800000,3112.60000000,3135.65000000,3036.59000000,3057.42000000,233814.74880000,720,720,False
1708948800000,1708992000000,3057.41000000,3196.00000000,3038.00000000,3175.94000000,312908.02590000,720,720,False
1708992000000,1709035200000,3175.95000000,3270.00000000,3160.02000000,3254.89000000,361786.82970000,720,720,False
1709035200000,1709078400000,3254.90000000,3288.14000000,3203.72000000,3242.36000000,264152.29240000,720,720,False
1709078400000,1709121600000,3242.35000000,3369.80000000,3230.12000000,3296.13000000,287126.37660000,720,720,False
1709121600000,1709164800000,3296.13000000,3488.00000000,3176.16000000,3383.10000000,660412.38940000,720,720,False
1709164800000,1709208000000,3383.11000000,3522.81000000,3374.18000000,3513.87000000,388021.56220000,720,720,False
1709208000000,1709251200000,3513.88000000,3517.92000000,3300.00000000,3340.09000000,371676.55010000,720,720,False
1709251200000,1709294400000,3340.10000000,3437.08000000,3338.54000000,3410.90000000,213315.02660000,720,720,False
1709294400000,1709337600000,3410.89000000,3450.00000000,3379.60000000,3433.43000000,199473.55070000,720,720,False
1709337600000,1709380800000,3433.42000000,3460.04000000,3390.01000000,3403.39000000,174553.75980000,720,720,False
1709380800000,1709424000000,3403.40000000,3431.31000000,3394.47000000,3421.40000000,109431.18500000,720,720,False
1709424000000,1709467200000,3421.39000000,3446.23000000,3360.00000000,3413.39000000,170063.87890000,720,720,False
1709467200000,1709510400000,3413.39000000,3491.80000000,3403.92000000,3487.81000000,171567.65210000,720,720,False
1709510400000,1709553600000,3487.80000000,3544.14000000,3423.78000000,3506.91000000,299733.80860000,720,720,False
1709553600000,1709596800000,3506.92000000,3640.94000000,3459.03000000,3627.76000000,415626.82750000,720,720,False
1709596800000,1709640000000,3627.75000000,3742.00000000,3607.24000000,3731.45000000,426823.60670000,720,720,False
1709640000000,1709683200000,3731.46000000,3822.04000000,3200.00000000,3553.65000000,966081.25730000,720,720,False
1709683200000,1709726400000,3553.66000000,3899.47000000,3499.40000000,3879.74000000,547610.50410000,720,720,False
1709726400000,1709769600000,3879.74000000,3900.00000000,3724.00000000,3818.59000000,421884.20590000,720,720,False
1709769600000,1709812800000,3818.58000000,3852.69000000,3735.00000000,3787.58000000,246822.62530000,720,720,False
1709812800000,1709856000000,3787.58000000,3933.81000000,3765.12000000,3868.76000000,293958.04970000,720,720,False
1709856000000,1709899200000,3868.76000000,3954.98000000,3863.56000000,3950.46000000,221914.82860000,720,720,False
1709899200000,1709942400000,3950.46000000,3993.75000000,3820.00000000,3883.36000000,424484.43030000,720,720,False
1709942400000,1709985600000,3883.37000000,3942.00000000,3877.50000000,3912.49000000,127163.05820000,720,720,False
1709985600000,1710028800000,3912.50000000,3927.05000000,3870.01000000,3905.21000000,127676.08040000,720,720,False
1710028800000,1710072000000,3905.20000000,3964.67000000,3899.51000000,3932.72000000,151079.93130000,720,720,False
1710072000000,1710115200000,3932.72000000,3947.18000000,3791.26000000,3878.47000000,205584.74870000,720,720,False
1710115200000,1710158400000,3878.47000000,4054.60000000,3722.95000000,4034.25000000,430190.07600000,720,720,False
1710158400000,1710201600000,4034.25000000,4086.23000000,3998.92000000,4064.80000000,291364.43790000,720,720,False
1710201600000,1710244800000,4064.80000000,4093.92000000,3965.00000000,4020.83000000,228217.37320000,720,720,False
1710244800000,1710288000000,4020.84000000,4053.80000000,3828.98000000,3979.96000000,404570.02090000,720,720,False
1710288000000,1710331200000,3979.97000000,4083.00000000,3973.53000000,4048.90000000,206594.12010000,720,720,False
1710331200000,1710374400000,4048.91000000,4053.00000000,3932.23000000,4004.79000000,275711.65650000,720,720,False
1710374400000,1710417600000,4004.79000000,4010.98000000,3940.64000000,3955.04000000,183387.81050000,720,720,False
1710417600000,1710460800000,3955.04000000,3967.40000000,3723.00000000,3881.70000000,464849.71400000,720,720,False
1710460800000,1710504000000,3881.69000000,3934.02000000,3570.00000000,3689.33000000,615169.22840000,720,720,False
1710504000000,1710547200000,3689.33000000,3806.62000000,3606.65000000,3742.19000000,332368.17870000,720,720,False
1710547200000,1710590400000,3742.19000000,3781.12000000,3661.83000000,3692.29000000,185595.29510000,720,720,False
1710590400000,1710633600000,3692.29000000,3711.37000000,3468.80000000,3523.09000000,362692.86180000,720,720,False
1710633600000,1710676800000,3523.09000000,3606.41000000,3412.00000000,3578.99000000,311989.03410000,720,720,False
1710676800000,1710720000000,3578.99000000,3678.68000000,3528.36000000,3644.71000000,205801.95950000,720,720,False
1710720000000,1710763200000,3644.70000000,3645.02000000,3548.99000000,3597.82000000,251636.08130000,720,720,False
1710763200000,1710806400000,3597.83000000,3613.41000000,3454.09000000,3520.46000000,319265.20380000,720,720,False
1710806400000,1710849600000,3520.47000000,3548.09000000,3202.84000000,3276.51000000,601329.79190000,720,720,False
1710849600000,1710892800000,3276.51000000,3359.80000000,3150.88000000,3158.64000000,448299.90170000,720,720,False
1710892800000,1710936000000,3158.65000000,3296.72000000,3056.56000000,3293.26000000,555482.19640000,720,720,False
1710936000000,1710979200000,3293.26000000,3535.24000000,3140.71000000,3516.53000000,651840.62370000,720,720,False
1710979200000,1711022400000,3516.53000000,3587.32000000,3446.47000000,3531.18000000,294613.10330000,720,720,False
1711022400000,1711065600000,3531.18000000,3574.41000000,3412.00000000,3492.85000000,308142.10390000,720,720,False
1711065600000,1711108800000,3492.84000000,3542.52000000,3394.42000000,3405.19000000,187988.38910000,720,720,False
1711108800000,1711152000000,3405.18000000,3425.84000000,3250.00000000,3336.35000000,370860.49890000,720,720,False
1711152000000,1711195200000,3336.35000000,3383.80000000,3270.08000000,3364.99000000,144582.11060000,720,720,False
1711195200000,1711238400000,3364.98000000,3435.48000000,3327.28000000,3329.53000000,179093.83420000,720,720,False
1711238400000,1711281600000,3329.53000000,3392.72000000,3298.76000000,3387.38000000,123789.28700000,720,720,False
1711281600000,1711324800000,3387.37000000,3471.22000000,3333.00000000,3454.98000000,137034.85380000,720,720,False
1711324800000,1711368000000,3454.99000000,3506.49000000,3420.12000000,3436.19000000,176093.69410000,720,720,False
1711368000000,1711411200000,3436.20000000,3666.00000000,3430.00000000,3590.42000000,372484.00010000,720,720,False
1711411200000,1711454400000,3590.43000000,3678.86000000,3580.95000000,3631.60000000,260739.48360000,720,720,False
1711454400000,1711497600000,3631.61000000,3654.34000000,3542.62000000,3587.33000000,238274.35480000,720,720,False
1711497600000,1711540800000,3587.32000000,3627.67000000,3532.96000000,3585.07000000,135187.72180000,720,720,False
1711540800000,1711584000000,3585.07000000,3665.84000000,3460.02000000,3501.19000000,308007.60790000,720,720,False
1711584000000,1711627200000,3501.20000000,3595.70000000,3465.00000000,3579.73000000,227060.51400000,720,720,False
1711627200000,1711670400000,3579.74000000,3611.78000000,3537.48000000,3560.49000000,177593.51710000,720,720,False
1711670400000,1711713600000,3560.49000000,3584.37000000,3512.85000000,3549.85000000,143064.14460000,720,720,False
1711713600000,1711756800000,3549.86000000,3558.00000000,3445.91000000,3509.74000000,180022.03440000,720,720,False
1711756800000,1711800000000,3509.74000000,3564.00000000,3486.58000000,3560.00000000,134046.33260000,720,720,False
1711800000000,1711843200000,3559.99000000,3565.81000000,3485.00000000,3505.64000000,81978.93080000,720,720,False
1711843200000,1711886400000,3505.65000000,3632.80000000,3505.09000000,3609.20000000,134287.35140000,720,720,False
1711886400000,1711929600000,3609.20000000,3655.32000000,3606.78000000,3645.29000000,109177.63630000,720,720,False
1711929600000,1711972800000,3645.29000000,3645.95000000,3500.00000000,3537.98000000,180656.27830000,720,720,False
1711972800000,1712016000000,3537.98000000,3570.58000000,3413.71000000,3503.80000000,228197.84420000,720,720,False
1712016000000,1712059200000,3503.80000000,3505.60000000,3276.72000000,3308.64000000,318068.78840000,720,720,False
1712059200000,1712102400000,3308.63000000,3324.26000000,3212.00000000,3278.96000000,305195.85920000,720,720,False
1712102400000,1712145600000,3278.96000000,3357.58000000,3202.79000000,3317.53000000,216499.67060000,720,720,False
1712145600000,1712188800000,3317.53000000,3367.40000000,3281.21000000,3310.83000000,193984.52270000,720,720,False
1712188800000,1712232000000,3310.83000000,3355.48000000,3250.92000000,3340.37000000,143913.52070000,720,720,False
1712232000000,1712275200000,3340.36000000,3443.93000000,3278.02000000,3327.40000000,212425.05090000,720,720,False
1712275200000,1712318400000,3327.39000000,3336.00000000,3236.80000000,3243.51000000,178626.38090000,720,720,False
1712318400000,1712361600000,3243.52000000,3350.00000000,3210.00000000,3317.85000000,165930.41740000,720,720,False
1712361600000,1712404800000,3317.85000000,3352.81000000,3306.68000000,3330.67000000,81539.20280000,720,720,False
1712404800000,1712448000000,3330.67000000,3398.42000000,3313.40000000,3351.59000000,101773.00970000,720,720,False
1712448000000,1712491200000,3351.59000000,3413.61000000,3344.08000000,3390.34000000,82001.26030000,720,720,False
1712491200000,1712534400000,3390.33000000,3459.94000000,3368.00000000,3454.20000000,128457.81490000,720,720,False
1712534400000,1712577600000,3454.20000000,3640.44000000,3406.36000000,3633.08000000,262050.31620000,720,720,False
1712577600000,1712620800000,3633.07000000,3730.71000000,3612.00000000,3694.61000000,234791.03700000,720,720,False
1712620800000,1712664000000,3694.61000000,3727.34000000,3580.57000000,3632.85000000,223331.47720000,720,720,False
1712664000000,1712707200000,3632.85000000,3643.37000000,3450.46000000,3506.39000000,234260.77480000,720,720,False
1712707200000,1712750400000,3506.40000000,3554.19000000,3465.64000000,3521.32000000,150407.66100000,720,720,False
1712750400000,1712793600000,3521.33000000,3562.95000000,3411.82000000,3545.64000000,238997.24450000,720,720,False
1712793600000,1712836800000,3545.64000000,3618.30000000,3514.57000000,3522.88000000,154299.08510000,720,720,False
1712836800000,1712880000000,3522.89000000,3575.00000000,3474.52000000,3502.52000000,183840.46830000,720,720,False
1712880000000,1712923200000,3502.52000000,3552.40000000,3501.34000000,3532.22000000,125971.15750000,720,720,False
1712923200000,1712966400000,3532.22000000,3532.48000000,3100.00000000,3237.43000000,571355.95990000,720,720,False
1712966400000,1713009600000,3237.42000000,3301.90000000,3141.60000000,3268.20000000,250453.93410000,720,720,False
1713009600000,1713052800000,3268.20000000,3296.83000000,2852.00000000,3007.01000000,744517.30130000,720,720,False
1713052800000,1713096000000,3007.01000000,3102.15000000,2906.73000000,3027.01000000,382521.41100000,720,720,False
1713096000000,1713139200000,3027.00000000,3174.23000000,2980.00000000,3155.11000000,355059.05560000,720,720,False
1713139200000,1713182400000,3155.11000000,3277.85000000,3100.00000000,3229.64000000,255558.47780000,720,720,False
1713182400000,1713225600000,3229.64000000,3246.03000000,3023.19000000,3101.99000000,349872.40850000,720,720,False
1713225600000,1713268800000,3102.00000000,3128.01000000,2986.00000000,3093.31000000,292119.22960000,720,720,False
1713268800000,1713312000000,3093.31000000,3118.24000000,2995.00000000,3084.22000000,233994.62540000,720,720,False
1713312000000,1713355200000,3084.21000000,3123.75000000,3037.65000000,3040.20000000,143953.25130000,720,720,False
1713355200000,1713398400000,3040.19000000,3063.65000000,2914.47000000,2985.41000000,347944.31480000,720,720,False
1713398400000,1713441600000,2985.41000000,3065.56000000,2950.98000000,3046.46000000,196834.88920000,720,720,False
1713441600000,1713484800000,3046.45000000,3094.40000000,2985.69000000,3064.40000000,192225.82410000,720,720,False
1713484800000,1713528000000,3064.40000000,3128.89000000,2865.18000000,3102.61000000,418930.11310000,720,720,False
1713528000000,1713571200000,3102.60000000,3121.00000000,3020.63000000,3056.46000000,188920.28880000,720,720,False
1713571200000,1713614400000,3056.45000000,3071.03000000,3018.75000000,3047.39000000,101579.09110000,720,720,False
1713614400000,1713657600000,3047.38000000,3171.88000000,3040.34000000,3155.79000000,140998.54600000,720,720,False
1713657600000,1713700800000,3155.79000000,3197.18000000,3126.87000000,3168.81000000,122093.81160000,720,720,False
1713700800000,1713744000000,3168.81000000,3176.70000000,3116.49000000,3147.67000000,97876.69560000,720,720,False
1713744000000,1713787200000,3147.66000000,3235.00000000,3129.15000000,3194.54000000,163190.32040000,720,720,False
1713787200000,1713830400000,3194.55000000,3224.20000000,3166.80000000,3200.20000000,127689.63650000,720,720,False
1713830400000,1713873600000,3200.19000000,3223.36000000,3152.00000000,3179.80000000,104550.49190000,720,720,False
1713873600000,1713916800000,3179.79000000,3263.61000000,3173.11000000,3219.46000000,149363.73440000,720,720,False
1713916800000,1713960000000,3219.46000000,3287.00000000,3210.40000000,3281.96000000,133482.50230000,720,720,False
1713960000000,1714003200000,3281.97000000,3293.56000000,3104.90000000,3140.80000000,259831.83910000,720,720,False
1714003200000,1714046400000,3140.79000000,3171.20000000,3072.20000000,3112.00000000,165012.34090000,720,720,False
1714046400000,1714089600000,3112.01000000,3191.64000000,3082.58000000,3155.80000000,187276.20930000,720,720,False
1714089600000,1714132800000,3155.81000000,3164.08000000,3121.80000000,3128.63000000,120039.79160000,720,720,False
1714132800000,1714176000000,3128.63000000,3167.70000000,3102.00000000,3131.30000000,132482.86340000,720,720,False
1714176000000,1714219200000,3131.30000000,3138.80000000,3066.74000000,3124.92000000,119917.55560000,720,720,False
1714219200000,1714262400000,3124.92000000,3285.00000000,3122.00000000,3255.56000000,203893.63630000,720,720,False
1714262400000,1714305600000,3255.55000000,3339.99000000,3250.45000000,3286.41000000,167324.64410000,720,720,False
1714305600000,1714348800000,3286.41000000,3357.40000000,3251.97000000,3263.45000000,137441.36490000,720,720,False
1714348800000,1714392000000,3263.44000000,3286.95000000,3147.54000000,3160.11000000,256555.32830000,720,720,False
1714392000000,1714435200000,3160.11000000,3235.43000000,3115.13000000,3216.73000000,165275.96290000,720,720,False
1714435200000,1714478400000,3216.74000000,3250.95000000,3003.70000000,3007.45000000,256783.67460000,720,720,False
1714478400000,1714521600000,3007.45000000,3037.42000000,2921.00000000,3014.05000000,304933.81200000,720,720,False
1714521600000,1714564800000,3014.04000000,3023.24000000,2817.00000000,2905.39000000,323469.55030000,720,720,False
1714564800000,1714608000000,2905.40000000,3015.73000000,2865.91000000,2972.46000000,301494.22700000,720,720,False
1714608000000,1714651200000,2972.46000000,3002.51000000,2893.26000000,2995.55000000,193308.71550000,720,720,False
1714651200000,1714694400000,2995.54000000,3016.72000000,2952.40000000,2986.19000000,172631.00360000,720,720,False
1714694400000,1714737600000,2986.19000000,3036.17000000,2958.32000000,2979.50000000,113010.52340000,720,720,False
1714737600000,1714780800000,2979.49000000,3126.99000000,2969.75000000,3102.61000000,242815.31570000,720,720,False
1714780800000,1714824000000,3102.61000000,3168.00000000,3092.85000000,3130.45000000,111934.51170000,720,720,False
1714824000000,1714867200000,3130.45000000,3158.95000000,3104.34000000,3117.23000000,84329.43710000,720,720,False
1714867200000,1714910400000,3117.24000000,3171.93000000,3072.99000000,3138.10000000,138851.48460000,720,720,False
1714910400000,1714953600000,3138.10000000,3168.00000000,3122.89000000,3136.41000000,79908.78160000,720,720,False
1714953600000,1714996800000,3136.40000000,3221.40000000,3124.38000000,3149.23000000,170632.01150000,720,720,False
1714996800000,1715040000000,3149.23000000,3154.99000000,3046.35000000,3062.60000000,184503.29120000,720,720,False
1715040000000,1715083200000,3062.59000000,3129.85000000,3021.34000000,3063.39000000,156677.84920000,720,720,False
1715083200000,1715126400000,3063.40000000,3106.00000000,2998.00000000,3005.69000000,142118.83370000,720,720,False
1715126400000,1715169600000,3005.69000000,3038.15000000,2978.40000000,2990.31000000,125685.97690000,720,720,False
1715169600000,1715212800000,2990.31000000,3032.50000000,2936.48000000,2974.21000000,141248.83560000,720,720,False
1715212800000,1715256000000,2974.20000000,3014.96000000,2950.77000000,2977.20000000,109761.43360000,720,720,False
1715256000000,1715299200000,2977.20000000,3059.00000000,2955.86000000,3036.23000000,128800.31260000,720,720,False
1715299200000,1715342400000,3036.24000000,3053.89000000,3018.23000000,3037.85000000,106041.65800000,720,720,False
1715342400000,1715385600000,3037.85000000,3044.53000000,2878.03000000,2909.99000000,221814.21780000,720,720,False
1715385600000,1715428800000,2909.98000000,2936.59000000,2886.46000000,2903.40000000,71031.92490000,720,720,False
1715428800000,1715472000000,2903.40000000,2945.67000000,2896.00000000,2912.45000000,67131.18380000,720,720,False
1715472000000,1715515200000,2912.45000000,2943.73000000,2901.17000000,2928.00000000,48027.80790000,720,720,False
1715515200000,1715558400000,2928.00000000,2955.20000000,2913.78000000,2929.29000000,59642.82440000,720,720,False
1715558400000,1715601600000,2929.30000000,2996.40000000,2864.76000000,2965.57000000,208483.92870000,720,720,False
1715601600000,1715644800000,2965.57000000,2987.00000000,2928.66000000,2950.99000000,160180.83610000,720,720,False
1715644800000,1715688000000,2950.99000000,2960.60000000,2882.29000000,2907.94000000,99345.11050000,720,720,False
1715688000000,1715731200000,2907.94000000,2924.14000000,2862.00000000,2881.93000000,170330.19320000,720,720,False
1715731200000,1715774400000,2881.93000000,2933.80000000,2863.75000000,2898.74000000,106705.17460000,720,720,False
1715774400000,1715817600000,2898.74000000,3041.36000000,2893.02000000,3032.55000000,243549.14420000,720,720,False
1715817600000,1715860800000,3032.55000000,3041.24000000,2989.72000000,3006.45000000,132675.97120000,720,720,False
1715860800000,1715904000000,3006.45000000,3009.12000000,2922.80000000,2944.70000000,161198.18010000,720,720,False
1715904000000,1715947200000,2944.70000000,3059.53000000,2933.06000000,3030.40000000,180680.65230000,720,720,False
1715947200000,1715990400000,3030.40000000,3120.00000000,3020.10000000,3092.01000000,177044.12080000,720,720,False
1715990400000,1716033600000,3092.00000000,3146.98000000,3083.61000000,3133.79000000,124299.64390000,720,720,False
1716033600000,1716076800000,3133.79000000,3135.00000000,3095.71000000,3122.94000000,75676.90170000,720,720,False
1716076800000,1716120000000,3122.94000000,3136.64000000,3082.04000000,3102.58000000,79096.10170000,720,720,False
1716120000000,1716163200000,3102.59000000,3103.00000000,3053.38000000,3071.19000000,87048.90850000,720,720,False
1716163200000,1716206400000,3071.20000000,3140.00000000,3047.67000000,3093.80000000,150907.44280000,720,720,False
1716206400000,1716249600000,3093.79000000,3694.00000000,3076.69000000,3661.78000000,696200.44000000,720,720,False
1716249600000,1716292800000,3661.79000000,3823.50000000,3624.28000000,3777.97000000,479588.60640000,720,720,False
1716292800000,1716336000000,3777.98000000,3841.54000000,3680.68000000,3789.60000000,472848.66300000,720,720,False
1716336000000,1716379200000,3789.59000000,3813.69000000,3690.00000000,3690.60000000,208082.41990000,720,720,False
1716379200000,1716422400000,3690.59000000,3798.00000000,3653.15000000,3737.73000000,366855.89000000,720,720,False
1716422400000,1716465600000,3737.72000000,3925.24000000,3736.67000000,3918.46000000,261559.05470000,720,720,False
1716465600000,1716508800000,3918.45000000,3949.29000000,3498.00000000,3783.61000000,866307.02130000,720,720,False
1716508800000,1716552000000,3783.60000000,3829.61000000,3626.10000000,3712.62000000,263752.34260000,720,720,False
1716552000000,1716595200000,3712.62000000,3759.00000000,3655.26000000,3728.28000000,215666.08920000,720,720,False
1716595200000,1716638400000,3728.28000000,3779.43000000,3709.03000000,3739.39000000,91711.40330000,720,720,False
1716638400000,1716681600000,3739.39000000,3766.02000000,3719.80000000,3749.26000000,67000.49590000,720,720,False
1716681600000,1716724800000,3749.25000000,3822.40000000,3731.17000000,3813.79000000,122829.42250000,720,720,False
1716724800000,1716768000000,3813.79000000,3884.20000000,3792.14000000,3826.47000000,169378.87120000,720,720,False
1716768000000,1716811200000,3826.47000000,3954.35000000,3823.37000000,3900.49000000,186820.64300000,720,720,False
1716811200000,1716854400000,3900.50000000,3977.00000000,3854.16000000,3894.22000000,176897.00430000,720,720,False
1716854400000,1716897600000,3894.21000000,3931.09000000,3821.63000000,3904.34000000,188572.81350000,720,720,False
1716897600000,1716940800000,3904.34000000,3912.00000000,3773.90000000,3844.69000000,227677.02090000,720,720,False
1716940800000,1716984000000,3844.69000000,3888.55000000,3781.00000000,3811.16000000,162651.82700000,720,720,False
1716984000000,1717027200000,3811.15000000,3838.83000000,3742.59000000,3767.43000000,172107.80780000,720,720,False
1717027200000,1717070400000,3767.44000000,3801.65000000,3702.58000000,3737.00000000,136870.08520000,720,720,False
1717070400000,1717113600000,3737.01000000,3825.35000000,3719.30000000,3747.91000000,140164.20420000,720,720,False
1717113600000,1717156800000,3747.90000000,3813.20000000,3724.41000000,3802.62000000,94884.62590000,720,720,False
1717156800000,1717200000000,3802.62000000,3849.94000000,3723.75000000,3762.29000000,178522.14010000,720,720,False
1717200000000,1717243200000,3762.29000000,3809.55000000,3752.67000000,3788.28000000,67022.28890000,720,720,False
1717243200000,1717286400000,3788.28000000,3833.30000000,3787.00000000,3815.82000000,65664.91170000,720,720,False
1717286400000,1717329600000,3815.82000000,3838.59000000,3770.99000000,3805.01000000,122672.89460000,720,720,False
1717329600000,1717372800000,3805.01000000,3810.00000000,3752.62000000,3780.91000000,87622.54610000,720,720,False
1717372800000,1717416000000,3780.92000000,3842.01000000,3761.05000000,3809.00000000,113319.06110000,720,720,False
1717416000000,1717459200000,3809.01000000,3849.99000000,3758.43000000,3767.06000000,135529.64090000,720,720,False
1717459200000,1717502400000,3767.07000000,3785.19000000,3730.00000000,3764.65000000,88247.52960000,720,720,False
1717502400000,1717545600000,3764.65000000,3831.65000000,3753.57000000,3810.23000000,143816.21720000,720,720,False
1717545600000,1717588800000,3810.23000000,3839.92000000,3777.33000000,3804.31000000,121457.64330000,720,720,False
1717588800000,1717632000000,3804.31000000,3887.47000000,3782.00000000,3865.99000000,152280.96020000,720,720,False
1717632000000,1717675200000,3866.00000000,3878.60000000,3838.53000000,3849.51000000,89409.74280000,720,720,False
1717675200000,1717718400000,3849.51000000,3866.48000000,3760.00000000,3813.46000000,148094.44770000,720,720,False
1717718400000,1717761600000,3813.47000000,3839.98000000,3792.34000000,3835.00000000,63752.00450000,720,720,False
1717761600000,1717804800000,3834.99000000,3841.39000000,3600.00000000,3678.32000000,298471.35490000,720,720,False
1717804800000,1717848000000,3678.31000000,3709.50000000,3673.82000000,3683.13000000,76720.45240000,720,720,False
1717848000000,1717891200000,3683.13000000,3697.47000000,3660.08000000,3681.57000000,63830.38700000,720,720,False
1717891200000,1717934400000,3681.58000000,3693.87000000,3666.36000000,3693.50000000,45611.77870000,720,720,False
1717934400000,1717977600000,3693.49000000,3721.52000000,3680.99000000,3706.40000000,57839.32330000,720,720,False
1717977600000,1718020800000,3706.40000000,3706.94000000,3642.74000000,3675.95000000,71026.30560000,720,720,False
1718020800000,1718064000000,3675.95000000,3713.67000000,3650.64000000,3667.85000000,85336.87900000,720,720,False
1718064000000,1718107200000,3667.85000000,3673.00000000,3503.40000000,3529.56000000,241450.93270000,720,720,False
1718107200000,1718150400000,3529.56000000,3546.47000000,3432.00000000,3497.33000000,198117.66510000,720,720,False
1718150400000,1718193600000,3497.33000000,3563.56000000,3462.07000000,3531.72000000,103380.86770000,720,720,False
1718193600000,1718236800000,3531.73000000,3659.01000000,3513.32000000,3560.12000000,283662.90630000,720,720,False
1718236800000,1718280000000,3560.13000000,3561.65000000,3472.60000000,3497.17000000,131013.85640000,720,720,False
1718280000000,1718323200000,3497.17000000,3539.83000000,3428.00000000,3469.40000000,169216.97350000,720,720,False
1718323200000,1718366400000,3469.40000000,3532.61000000,3457.37000000,3515.80000000,103152.60450000,720,720,False
1718366400000,1718409600000,3515.80000000,3528.93000000,3362.26000000,3481.80000000,219163.81690000,720,720,False
1718409600000,1718452800000,3481.80000000,3557.81000000,3473.10000000,3539.40000000,127367.25470000,720,720,False
1718452800000,1718496000000,3539.40000000,3594.39000000,3536.76000000,3568.74000000,119282.33470000,720,720,False
1718496000000,1718539200000,3568.75000000,3574.54000000,3541.05000000,3555.28000000,53599.80730000,720,720,False
1718539200000,1718582400000,3555.28000000,3653.79000000,3553.17000000,3624.41000000,96240.17470000,720,720,False
1718582400000,1718625600000,3624.41000000,3638.37000000,3490.95000000,3527.63000000,167823.53570000,720,720,False
1718625600000,1718668800000,3527.63000000,3577.77000000,3463.39000000,3511.46000000,169982.10450000,720,720,False
1718668800000,1718712000000,3511.47000000,3517.20000000,3355.00000000,3414.11000000,243448.65550000,720,720,False
1718712000000,1718755200000,3414.11000000,3490.00000000,3370.92000000,3483.42000000,206464.64590000,720,720,False
1718755200000,1718798400000,3483.42000000,3585.00000000,3465.65000000,3536.94000000,203613.21700000,720,720,False
1718798400000,1718841600000,3536.95000000,3590.01000000,3512.20000000,3560.51000000,117886.78570000,720,720,False
1718841600000,1718884800000,3560.51000000,3625.96000000,3533.49000000,3598.94000000,157421.29210000,720,720,False
1718884800000,1718928000000,3598.94000000,3611.81000000,3486.00000000,3513.08000000,171696.55320000,720,720,False
1718928000000,1718971200000,3513.08000000,3536.21000000,3446.82000000,3503.22000000,163569.05910000,720,720,False
1718971200000,1719014400000,3503.21000000,3547.55000000,3455.10000000,3518.50000000,178586.04290000,720,720,False
1719014400000,1719057600000,3518.50000000,3521.19000000,3475.09000000,3493.20000000,63685.55570000,720,720,False
1719057600000,1719100800000,3493.19000000,3511.84000000,3485.56000000,3495.75000000,52089.06000000,720,720,False
1719100800000,1719144000000,3495.76000000,3521.45000000,3488.20000000,3498.29000000,42228.39400000,720,720,False
1719144000000,1719187200000,3498.29000000,3504.62000000,3406.38000000,3420.91000000,91183.03640000,720,720,False
1719187200000,1719230400000,3420.91000000,3435.76000000,3240.00000000,3321.19000000,269191.31280000,720,720,False
1719230400000,1719273600000,3321.18000000,3363.18000000,3242.44000000,3352.73000000,274179.11010000,720,720,False
1719273600000,1719316800000,3352.74000000,3394.92000000,3336.76000000,3376.01000000,112950.19630000,720,720,False
1719316800000,1719360000000,3376.00000000,3430.88000000,3358.20000000,3394.91000000,127086.02730000,720,720,False
1719360000000,1719403200000,3394.91000000,3426.75000000,3366.37000000,3381.44000000,85435.14750000,720,720,False
1719403200000,1719446400000,3381.44000000,3417.43000000,3325.01000000,3371.44000000,121514.19430000,720,720,False
1719446400000,1719489600000,3371.77000000,3414.05000000,3361.74000000,3403.46000000,85198.96600000,720,720,False
1719489600000,1719532800000,3403.46000000,3477.00000000,3403.45000000,3450.44000000,115842.69490000,720,720,False
1719532800000,1719576000000,3450.44000000,3487.70000000,3420.24000000,3452.78000000,93133.87840000,720,720,False
1719576000000,1719619200000,3452.79000000,3476.73000000,3365.22000000,3380.15000000,128500.46510000,720,720,False
1719619200000,1719662400000,3380.15000000,3408.32000000,3380.01000000,3400.45000000,52047.74630000,720,720,False
1719662400000,1719705600000,3400.45000000,3403.20000000,3371.86000000,3378.80000000,36282.01880000,720,720,False
1719705600000,1719748800000,3378.80000000,3400.00000000,3352.66000000,3389.19000000,60659.55650000,720,720,False
1719748800000,1719792000000,3389.19000000,3460.00000000,3379.81000000,3438.16000000,80562.06200000,720,720,False
1719792000000,1719835200000,3438.16000000,3524.94000000,3432.55000000,3459.60000000,131712.21620000,720,720,False
1719835200000,1719878400000,3459.61000000,3499.00000000,3423.78000000,3442.20000000,92560.99600000,720,720,False
1719878400000,1719921600000,3442.20000000,3464.12000000,3431.60000000,3453.26000000,59737.39480000,720,720,False
1719921600000,1719964800000,3453.26000000,3462.50000000,3402.00000000,3421.35000000,78195.30660000,720,720,False
1719964800000,1720008000000,3421.35000000,3432.10000000,3281.63000000,3307.50000000,149976.50250000,720,720,False
1720008000000,1720051200000,3307.51000000,3326.36000000,3251.00000000,3295.48000000,160431.94850000,720,720,False
1720051200000,1720094400000,3295.49000000,3313.45000000,3126.60000000,3159.45000000,250176.50540000,720,720,False
1720094400000,1720137600000,3159.45000000,3169.79000000,3050.34000000,3059.70000000,200226.06380000,720,720,False
1720137600000,1720180800000,3059.70000000,3110.00000000,2810.00000000,2947.42000000,687752.68980000,720,720,False
1720180800000,1720224000000,2947.42000000,3005.42000000,2922.70000000,2981.78000000,199241.68550000,720,720,False
1720224000000,1720267200000,2981.79000000,3026.45000000,2955.06000000,3005.65000000,117762.34320000,720,720,False
1720267200000,1720310400000,3005.66000000,3081.78000000,2989.49000000,3066.83000000,96725.62810000,720,720,False
1720310400000,1720353600000,3066.83000000,3073.08000000,2993.51000000,3015.51000000,73728.92480000,720,720,False
1720353600000,1720396800000,3015.52000000,3024.05000000,2922.24000000,2931.00000000,106163.83640000,720,720,False
1720396800000,1720440000000,2930.99000000,3097.06000000,2822.80000000,3053.97000000,270313.79960000,720,720,False
1720440000000,1720483200000,3053.98000000,3064.71000000,2890.00000000,3019.01000000,230131.21090000,720,720,False
1720483200000,1720526400000,3019.01000000,3115.20000000,3004.00000000,3083.47000000,132130.34650000,720,720,False
1720526400000,1720569600000,3083.45000000,3108.72000000,3031.06000000,3066.65000000,148227.79590000,720,720,False
1720569600000,1720612800000,3066.65000000,3129.89000000,3024.00000000,3102.22000000,112113.61690000,720,720,False
1720612800000,1720656000000,3102.22000000,3151.51000000,3077.76000000,3101.05000000,158713.46750000,720,720,False
1720656000000,1720699200000,3101.06000000,3156.93000000,3054.76000000,3147.04000000,98174.04620000,720,720,False
1720699200000,1720742400000,3147.04000000,3217.24000000,3086.00000000,3099.57000000,191055.27380000,720,720,False
1720742400000,1720785600000,3099.57000000,3117.92000000,3045.58000000,3070.00000000,85121.59310000,720,720,False
1720785600000,1720828800000,3070.00000000,3157.89000000,3057.58000000,3133.88000000,100623.58940000,720,720,False
1720828800000,1720872000000,3133.89000000,3171.00000000,3113.37000000,3156.84000000,58341.07100000,720,720,False
1720872000000,1720915200000,3156.84000000,3201.80000000,3140.94000000,3175.93000000,60961.40590000,720,720,False
1720915200000,1720958400000,3175.93000000,3225.13000000,3163.67000000,3202.84000000,84109.19470000,720,720,False
1720958400000,1721001600000,3202.85000000,3268.72000000,3173.68000000,3245.08000000,81321.57690000,720,720,False
1721001600000,1721044800000,3245.20000000,3373.00000000,3233.22000000,3339.68000000,150115.59510000,720,720,False
1721044800000,1721088000000,3339.68000000,3493.63000000,3333.33000000,3483.39000000,164181.25010000,720,720,False
1721088000000,1721131200000,3483.20000000,3498.59000000,3346.55000000,3419.79000000,181306.81030000,720,720,False
1721131200000,1721174400000,3419.78000000,3494.38000000,3375.60000000,3444.13000000,194821.97660000,720,720,False
1721174400000,1721217600000,3444.14000000,3517.00000000,3440.96000000,3449.03000000,164292.42070000,720,720,False
1721217600000,1721260800000,3449.03000000,3475.50000000,3376.00000000,3387.05000000,133520.09550000,720,720,False
1721260800000,1721304000000,3387.05000000,3461.01000000,3383.43000000,3458.83000000,103835.78460000,720,720,False
1721304000000,1721347200000,3458.83000000,3489.98000000,3367.20000000,3426.50000000,138114.56110000,720,720,False
1721347200000,1721390400000,3426.49000000,3450.50000000,3377.00000000,3404.54000000,107750.68610000,720,720,False
1721390400000,1721433600000,3404.55000000,3540.27000000,3395.99000000,3503.53000000,191760.95610000,720,720,False
1721433600000,1721476800000,3503.53000000,3508.49000000,3480.00000000,3484.81000000,69406.63910000,720,720,False
1721476800000,1721520000000,3484.81000000,3539.65000000,3481.20000000,3517.50000000,78104.17740000,720,720,False
1721520000000,1721563200000,3517.50000000,3528.80000000,3476.60000000,3498.79000000,51438.73730000,720,720,False
1721563200000,1721606400000,3498.79000000,3547.00000000,3411.40000000,3535.92000000,167452.22830000,720,720,False
1721606400000,1721649600000,3535.93000000,3562.82000000,3459.60000000,3500.31000000,91763.00610000,720,720,False
1721649600000,1721692800000,3500.30000000,3507.35000000,3422.34000000,3439.60000000,116096.49820000,720,720,False
1721692800000,1721736000000,3439.61000000,3541.00000000,3425.00000000,3516.00000000,201345.19920000,720,720,False
1721736000000,1721779200000,3516.01000000,3518.80000000,3389.00000000,3482.51000000,299223.58190000,720,720,False
1721779200000,1721822400000,3482.51000000,3487.82000000,3427.40000000,3459.63000000,103029.82690000,720,720,False
1721822400000,1721865600000,3459.63000000,3471.54000000,3300.00000000,3335.81000000,172449.22370000,720,720,False
1721865600000,1721908800000,3335.82000000,3342.50000000,3130.00000000,3172.50000000,280299.51990000,720,720,False
1721908800000,1721952000000,3172.49000000,3198.50000000,3087.53000000,3175.48000000,213983.11990000,720,720,False
1721952000000,1721995200000,3175.47000000,3276.00000000,3171.00000000,3246.86000000,160147.01290000,720,720,False
1721995200000,1722038400000,3246.87000000,3286.36000000,3221.43000000,3274.61000000,100090.45120000,720,720,False
1722038400000,1722081600000,3274.60000000,3282.98000000,3241.31000000,3278.41000000,58583.59880000,720,720,False
1722081600000,1722124800000,3278.41000000,3327.59000000,3191.01000000,3249.01000000,173408.30490000,720,720,False
1722124800000,1722168000000,3249.00000000,3265.72000000,3198.11000000,3256.46000000,59563.95160000,720,720,False
1722168000000,1722211200000,3256.46000000,3284.30000000,3251.08000000,3270.16000000,43965.88130000,720,720,False
1722211200000,1722254400000,3270.16000000,3396.77000000,3267.17000000,3375.00000000,137176.78920000,720,720,False
1722254400000,1722297600000,3375.01000000,3386.80000000,3258.00000000,3317.66000000,181294.71630000,720,720,False
1722297600000,1722340800000,3317.66000000,3355.50000000,3282.30000000,3334.65000000,91073.58480000,720,720,False
1722340800000,1722384000000,3334.66000000,3366.40000000,3233.18000000,3279.21000000,106203.57930000,720,720,False
1722384000000,1722427200000,3279.20000000,3332.04000000,3262.04000000,3322.87000000,82813.44230000,720,720,False
1722427200000,1722470400000,3322.88000000,3350.00000000,3213.75000000,3232.74000000,150897.89290000,720,720,False
1722470400000,1722513600000,3232.74000000,3242.57000000,3136.47000000,3188.39000000,126202.65810000,720,720,False
1722513600000,1722556800000,3188.39000000,3219.34000000,3080.02000000,3203.40000000,197082.95240000,720,720,False
1722556800000,1722600000000,3203.40000000,3218.60000000,3127.00000000,3153.73000000,94452.37420000,720,720,False
1722600000000,1722643200000,3153.73000000,3182.80000000,2967.00000000,2989.61000000,291251.66530000,720,720,False
1722643200000,1722686400000,2989.61000000,3006.64000000,2913.56000000,2997.21000000,125910.17660000,720,720,False
1722686400000,1722729600000,2997.20000000,3018.02000000,2859.00000000,2903.64000000,218685.13910000,720,720,False
1722729600000,1722772800000,2903.65000000,2935.46000000,2876.22000000,2914.22000000,80683.54980000,720,720,False
1722772800000,1722816000000,2914.22000000,2925.80000000,2630.00000000,2688.92000000,431380.71140000,720,720,False
1722816000000,1722859200000,2688.91000000,2697.44000000,2111.00000000,2290.57000000,1860335.54750000,720,720,False
1722859200000,1722902400000,2290.60000000,2518.00000000,2183.51000000,2419.59000000,810268.55280000,720,720,False
1722902400000,1722945600000,2419.76000000,2547.43000000,2415.80000000,2458.91000000,320744.41020000,720,720,False
1722945600000,1722988800000,2458.90000000,2556.23000000,2414.19000000,2461.33000000,321539.39360000,720,720,False
1722988800000,1723032000000,2461.33000000,2551.32000000,2425.53000000,2473.01000000,270407.98300000,720,720,False
1723032000000,1723075200000,2473.01000000,2487.64000000,2309.04000000,2342.80000000,359707.43980000,720,720,False
1723075200000,1723118400000,2342.79000000,2465.25000000,2320.40000000,2447.63000000,195262.69200000,720,720,False
1723118400000,1723161600000,2447.64000000,2724.10000000,2411.02000000,2682.50000000,391240.18340000,720,720,False
1723161600000,1723204800000,2682.50000000,2707.98000000,2617.20000000,2634.92000000,188588.63660000,720,720,False
1723204800000,1723248000000,2634.93000000,2663.96000000,2552.61000000,2598.78000000,218151.32450000,720,720,False
1723248000000,1723291200000,2598.79000000,2644.70000000,2576.49000000,2636.58000000,89721.81360000,720,720,False
1723291200000,1723334400000,2636.58000000,2637.89000000,2589.51000000,2609.92000000,81290.54830000,720,720,False
1723334400000,1723377600000,2609.92000000,2720.00000000,2606.02000000,2652.61000000,120501.35970000,720,720,False
1723377600000,1723420800000,2652.60000000,2655.80000000,2540.00000000,2555.38000000,176597.55480000,720,720,False
1723420800000,1723464000000,2555.38000000,2683.20000000,2510.05000000,2673.60000000,191023.28100000,720,720,False
1723464000000,1723507200000,2673.60000000,2750.00000000,2592.58000000,2722.30000000,292390.96960000,720,720,False
1723507200000,1723550400000,2722.30000000,2738.40000000,2611.37000000,2644.65000000,148751.45260000,720,720,False
1723550400000,1723593600000,2644.66000000,2734.00000000,2630.91000000,2702.44000000,176917.24380000,720,720,False
1723593600000,1723636800000,2702.44000000,2764.05000000,2685.80000000,2750.24000000,133059.18170000,720,720,False
1723636800000,1723680000000,2750.24000000,2780.00000000,2632.20000000,2661.45000000,205749.53240000,720,720,False
1723680000000,1723723200000,2661.45000000,2673.57000000,2589.00000000,2637.73000000,115095.37090000,720,720,False
1723723200000,1723766400000,2637.73000000,2675.60000000,2515.71000000,2569.89000000,241451.43500000,720,720,False
1723766400000,1723809600000,2569.90000000,2628.83000000,2552.17000000,2612.52000000,95199.52490000,720,720,False
1723809600000,1723852800000,2612.52000000,2630.97000000,2550.04000000,2592.73000000,175484.61240000,720,720,False
1723852800000,1723896000000,2592.72000000,2607.92000000,2587.50000000,2599.23000000,42794.29910000,720,720,False
1723896000000,1723939200000,2599.23000000,2629.69000000,2596.70000000,2614.51000000,46554.37690000,720,720,False
1723939200000,1723982400000,2614.51000000,2669.49000000,2594.53000000,2649.40000000,89759.78690000,720,720,False
1723982400000,1724025600000,2649.40000000,2689.16000000,2610.05000000,2612.15000000,84314.27160000,720,720,False
1724025600000,1724068800000,2612.15000000,2648.08000000,2565.84000000,2587.90000000,112089.83580000,720,720,False
1724068800000,1724112000000,2587.91000000,2641.15000000,2563.58000000,2636.36000000,112777.29780000,720,720,False
1724112000000,1724155200000,2636.36000000,2695.00000000,2619.06000000,2642.45000000,118325.19840000,720,720,False
1724155200000,1724198400000,2642.46000000,2655.78000000,2555.00000000,2572.82000000,162990.67670000,720,720,False
1724198400000,1724241600000,2572.81000000,2607.87000000,2557.00000000,2577.60000000,76638.60420000,720,720,False
1724241600000,1724284800000,2577.61000000,2663.74000000,2536.22000000,2630.71000000,168648.01760000,720,720,False
1724284800000,1724328000000,2630.71000000,2644.49000000,2584.20000000,2641.91000000,91053.20080000,720,720,False
1724328000000,1724371200000,2641.90000000,2644.69000000,2590.50000000,2622.88000000,108009.91880000,720,720,False
1724371200000,1724414400000,2622.89000000,2689.00000000,2621.40000000,2653.27000000,134438.64600000,720,720,False
1724414400000,1724457600000,2653.27000000,2799.13000000,2632.83000000,2762.48000000,267347.79870000,720,720,False
1724457600000,1724500800000,2762.49000000,2786.29000000,2739.40000000,2756.31000000,104575.04820000,720,720,False
1724500800000,1724544000000,2756.30000000,2820.00000000,2731.26000000,2768.00000000,158967.89590000,720,720,False
1724544000000,1724587200000,2768.01000000,2782.73000000,2733.21000000,2750.99000000,81683.68230000,720,720,False
1724587200000,1724630400000,2751.00000000,2792.28000000,2739.77000000,2746.13000000,72843.55290000,720,720,False
1724630400000,1724673600000,2746.12000000,2762.00000000,2710.01000000,2737.35000000,77699.35230000,720,720,False
1724673600000,1724716800000,2737.34000000,2742.47000000,2666.66000000,2680.49000000,134008.77240000,720,720,False
1724716800000,1724760000000,2680.49000000,2699.98000000,2619.30000000,2626.67000000,105990.72250000,720,720,False
1724760000000,1724803200000,2626.66000000,2628.91000000,2392.96000000,2457.33000000,306669.99720000,720,720,False
1724803200000,1724846400000,2457.33000000,2550.31000000,2418.80000000,2523.20000000,239857.66130000,720,720,False
1724846400000,1724889600000,2523.19000000,2554.60000000,2456.19000000,2528.33000000,211408.97270000,720,720,False
1724889600000,1724932800000,2528.33000000,2574.22000000,2512.20000000,2555.21000000,90143.47610000,720,720,False
1724932800000,1724976000000,2555.20000000,2595.40000000,2505.88000000,2527.61000000,146859.48710000,720,720,False
1724976000000,1725019200000,2527.60000000,2535.40000000,2503.80000000,2512.44000000,84425.80080000,720,720,False
1725019200000,1725062400000,2512.43000000,2552.17000000,2431.14000000,2526.00000000,253953.39330000,720,720,False
1725062400000,1725105600000,2525.99000000,2533.95000000,2511.47000000,2525.50000000,43896.79100000,720,720,False
1725105600000,1725148800000,2525.49000000,2528.22000000,2491.92000000,2513.01000000,54049.32370000,720,720,False
1725148800000,1725192000000,2513.00000000,2516.28000000,2458.84000000,2477.74000000,71229.00100000,720,720,False
1725192000000,1725235200000,2477.73000000,2516.00000000,2400.00000000,2425.72000000,151898.77500000,720,720,False
1725235200000,1725278400000,2425.71000000,2539.53000000,2423.52000000,2515.81000000,159169.20460000,720,720,False
1725278400000,1725321600000,2515.81000000,2564.83000000,2492.55000000,2538.01000000,103463.63390000,720,720,False
1725321600000,1725364800000,2538.00000000,2553.60000000,2494.24000000,2509.59000000,67817.80780000,720,720,False
1725364800000,1725408000000,2509.59000000,2519.12000000,2411.12000000,2425.29000000,156975.32210000,720,720,False
1725408000000,1725451200000,2425.28000000,2449.22000000,2306.65000000,2398.77000000,226706.91130000,720,720,False
1725451200000,1725494400000,2398.77000000,2490.00000000,2393.16000000,2450.71000000,157472.47410000,720,720,False
1725494400000,1725537600000,2450.71000000,2466.00000000,2376.72000000,2389.54000000,121768.85330000,720,720,False
1725537600000,1725580800000,2389.53000000,2415.15000000,2348.04000000,2368.81000000,156780.24360000,720,720,False
1725580800000,1725624000000,2368.81000000,2408.40000000,2321.21000000,2372.95000000,130037.48140000,720,720,False
1725624000000,1725667200000,2372.96000000,2408.83000000,2150.55000000,2225.23000000,512989.62960000,720,720,False
1725667200000,1725710400000,2225.24000000,2299.47000000,2220.98000000,2283.70000000,117665.48090000,720,720,False
1725710400000,1725753600000,2283.70000000,2311.27000000,2257.37000000,2273.58000000,101787.72670000,720,720,False
1725753600000,1725796800000,2273.58000000,2309.86000000,2263.22000000,2296.60000000,65126.36910000,720,720,False
1725796800000,1725840000000,2296.60000000,2333.58000000,2240.94000000,2297.30000000,127649.28020000,720,720,False
1725840000000,1725883200000,2297.30000000,2339.00000000,2283.10000000,2315.29000000,112767.79190000,720,720,False
1725883200000,1725926400000,2315.30000000,2381.41000000,2272.80000000,2359.50000000,208931.19810000,720,720,False
1725926400000,1725969600000,2359.51000000,2372.00000000,2328.00000000,2351.00000000,88124.72340000,720,720,False
1725969600000,1726012800000,2351.00000000,2400.00000000,2320.41000000,2388.52000000,136257.44950000,720,720,False
1726012800000,1726056000000,2388.52000000,2389.32000000,2306.45000000,2327.59000000,101251.59120000,720,720,False
1726056000000,1726099200000,2327.59000000,2368.87000000,2277.68000000,2340.55000000,181646.72130000,720,720,False
1726099200000,1726142400000,2340.54000000,2391.93000000,2339.54000000,2348.55000000,93976.93080000,720,720,False
1726142400000,1726185600000,2348.56000000,2373.64000000,2315.39000000,2361.76000000,108634.20000000,720,720,False
1726185600000,1726228800000,2361.75000000,2376.22000000,2337.35000000,2354.35000000,58715.90070000,720,720,False
1726228800000,1726272000000,2354.39000000,2464.82000000,2342.41000000,2439.19000000,195172.71530000,720,720,False
1726272000000,1726315200000,2439.19000000,2440.60000000,2407.98000000,2417.07000000,59620.80410000,720,720,False
1726315200000,1726358400000,2417.08000000,2424.11000000,2376.72000000,2417.79000000,63310.42610000,720,720,False
1726358400000,1726401600000,2417.80000000,2430.32000000,2401.75000000,2406.86000000,38418.94060000,720,720,False
1726401600000,1726444800000,2406.86000000,2418.72000000,2283.75000000,2316.10000000,135945.25400000,720,720,False
1726444800000,1726488000000,2316.09000000,2335.70000000,2252.39000000,2307.80000000,174491.29100000,720,720,False
1726488000000,1726531200000,2307.80000000,2312.60000000,2267.60000000,2295.68000000,156063.94100000,720,720,False
1726531200000,1726574400000,2295.67000000,2323.69000000,2263.29000000,2308.12000000,92223.36160000,720,720,False
1726574400000,1726617600000,2308.12000000,2393.63000000,2302.61000000,2341.80000000,181982.89720000,720,720,False
1726617600000,1726660800000,2341.79000000,2343.28000000,2277.34000000,2300.59000000,101607.82920000,720,720,False
1726660800000,1726704000000,2300.60000000,2376.14000000,2288.00000000,2374.75000000,191309.77160000,720,720,False
1726704000000,1726747200000,2374.74000000,2442.60000000,2372.60000000,2435.35000000,168628.13460000,720,720,False
1726747200000,1726790400000,2435.34000000,2494.95000000,2420.48000000,2465.21000000,158117.89740000,720,720,False
1726790400000,1726833600000,2465.21000000,2571.93000000,2437.31000000,2544.96000000,196051.29690000,720,720,False
1726833600000,1726876800000,2544.95000000,2570.00000000,2516.20000000,2561.40000000,144703.29430000,720,720,False
1726876800000,1726920000000,2561.40000000,2587.40000000,2528.97000000,2556.50000000,81517.56130000,720,720,False
1726920000000,1726963200000,2556.49000000,2623.34000000,2550.44000000,2612.40000000,73240.31600000,720,720,False
1726963200000,1727006400000,2612.40000000,2632.57000000,2569.61000000,2580.59000000,96267.66710000,720,720,False
1727006400000,1727049600000,2580.59000000,2594.00000000,2524.58000000,2581.00000000,117998.65860000,720,720,False
1727049600000,1727092800000,2580.99000000,2687.24000000,2539.49000000,2646.00000000,179367.18030000,720,720,False
1727092800000,1727136000000,2646.00000000,2702.82000000,2631.45000000,2646.97000000,153914.83460000,720,720,False
1727136000000,1727179200000,2646.98000000,2667.75000000,2609.40000000,2636.85000000,122782.99990000,720,720,False
1727179200000,1727222400000,2636.86000000,2670.96000000,2591.56000000,2653.20000000,165817.04030000,720,720,False
1727222400000,1727265600000,2653.20000000,2673.50000000,2610.53000000,2627.40000000,110133.22320000,720,720,False
1727265600000,1727308800000,2627.39000000,2629.56000000,2554.05000000,2579.95000000,110210.20610000,720,720,False
1727308800000,1727352000000,2580.09000000,2639.50000000,2559.20000000,2628.80000000,118779.11540000,720,720,False
1727352000000,1727395200000,2628.79000000,2666.22000000,2607.92000000,2632.26000000,159907.24190000,720,720,False
1727395200000,1727438400000,2632.25000000,2677.61000000,2615.21000000,2652.00000000,125078.48870000,720,720,False
1727438400000,1727481600000,2652.00000000,2728.60000000,2642.20000000,2694.43000000,156748.49050000,720,720,False
1727481600000,1727524800000,2694.43000000,2704.35000000,2650.00000000,2675.22000000,74927.99970000,720,720,False
1727524800000,1727568000000,2675.23000000,2684.51000000,2652.20000000,2675.21000000,62302.03450000,720,720,False
1727568000000,1727611200000,2675.21000000,2683.70000000,2629.73000000,2652.49000000,92914.19840000,720,720,False
1727611200000,1727654400000,2652.49000000,2673.41000000,2641.00000000,2657.62000000,67640.11620000,720,720,False
1727654400000,1727697600000,2657.62000000,2663.50000000,2592.42000000,2628.94000000,162258.58650000,720,720,False
1727697600000,1727740800000,2628.94000000,2638.94000000,2575.00000000,2602.23000000,120217.20960000,720,720,False
1727740800000,1727784000000,2602.24000000,2659.00000000,2591.34000000,2628.87000000,116776.22360000,720,720,False
1727784000000,1727827200000,2628.86000000,2633.42000000,2414.00000000,2447.79000000,386052.45680000,720,720,False
1727827200000,1727870400000,2447.78000000,2499.00000000,2441.71000000,2455.22000000,118423.45790000,720,720,False
1727870400000,1727913600000,2455.22000000,2478.89000000,2352.00000000,2364.10000000,199061.27710000,720,720,False
1727913600000,1727956800000,2364.09000000,2403.38000000,2318.72000000,2352.34000000,167776.81000000,720,720,False
1727956800000,1728000000000,2352.35000000,2366.09000000,2310.00000000,2349.80000000,146859.11630000,720,720,False
1728000000000,1728043200000,2349.80000000,2393.52000000,2339.15000000,2386.20000000,92534.07840000,720,720,False
1728043200000,1728086400000,2386.20000000,2441.64000000,2352.60000000,2414.41000000,146848.93860000,720,720,False
1728086400000,1728129600000,2414.41000000,2428.23000000,2390.26000000,2417.19000000,49020.98070000,720,720,False
1728129600000,1728172800000,2417.19000000,2424.15000000,2390.05000000,2414.66000000,54719.25090000,720,720,False
1728172800000,1728216000000,2414.66000000,2430.73000000,2407.00000000,2426.63000000,36340.44310000,720,720,False
1728216000000,1728259200000,2426.64000000,2457.80000000,2415.65000000,2440.03000000,69412.26650000,720,720,False
1728259200000,1728302400000,2440.02000000,2512.92000000,2435.84000000,2475.84000000,142494.20010000,720,720,False
1728302400000,1728345600000,2475.84000000,2521.00000000,2403.00000000,2422.71000000,157965.34060000,720,720,False
1728345600000,1728388800000,2422.70000000,2448.10000000,2410.51000000,2439.71000000,74731.12530000,720,720,False
1728388800000,1728432000000,2439.71000000,2466.66000000,2401.18000000,2440.89000000,126627.20590000,720,720,False
1728432000000,1728475200000,2440.88000000,2473.61000000,2427.44000000,2441.70000000,80144.81950000,720,720,False
1728475200000,1728518400000,2441.69000000,2472.08000000,2351.42000000,2370.47000000,161937.45300000,720,720,False
1728518400000,1728561600000,2370.47000000,2411.38000000,2366.87000000,2406.56000000,90693.89880000,720,720,False
1728561600000,1728604800000,2406.56000000,2421.36000000,2330.66000000,2386.49000000,167169.06310000,720,720,False
1728604800000,1728648000000,2386.49000000,2426.22000000,2381.86000000,2417.82000000,84183.38900000,720,720,False
1728648000000,1728691200000,2417.83000000,2471.45000000,2414.51000000,2439.50000000,151257.83070000,720,720,False
1728691200000,1728734400000,2439.49000000,2467.51000000,2434.35000000,2452.50000000,67048.09160000,720,720,False
1728734400000,1728777600000,2452.50000000,2490.51000000,2448.80000000,2476.40000000,72589.41460000,720,720,False
1728777600000,1728820800000,2476.40000000,2484.92000000,2452.55000000,2458.27000000,47339.96080000,720,720,False
1728820800000,1728864000000,2458.27000000,2484.60000000,2436.40000000,2468.91000000,72682.85710000,720,720,False
1728864000000,1728907200000,2468.92000000,2548.43000000,2443.39000000,2537.90000000,200702.69620000,720,720,False
1728907200000,1728950400000,2537.91000000,2654.00000000,2534.47000000,2629.79000000,235197.46570000,720,720,False
1728950400000,1728993600000,2629.79000000,2637.38000000,2580.01000000,2586.20000000,118475.66140000,720,720,False
1728993600000,1729036800000,2586.20000000,2688.60000000,2537.36000000,2607.41000000,297810.00490000,720,720,False
1729036800000,1729080000000,2607.41000000,2642.69000000,2588.67000000,2630.40000000,143919.14970000,720,720,False
1729080000000,1729123200000,2630.41000000,2647.79000000,2591.58000000,2611.10000000,116403.27450000,720,720,False
1729123200000,1729166400000,2611.10000000,2648.37000000,2596.49000000,2598.01000000,113891.74700000,720,720,False
1729166400000,1729209600000,2598.01000000,2632.73000000,2575.40000000,2605.80000000,107732.79640000,720,720,False
1729209600000,1729252800000,2605.79000000,2651.66000000,2596.49000000,2621.98000000,129059.84780000,720,720,False
1729252800000,1729296000000,2621.98000000,2675.58000000,2612.20000000,2642.17000000,163384.26750000,720,720,False
1729296000000,1729339200000,2642.17000000,2663.49000000,2631.02000000,2631.48000000,58776.56130000,720,720,False
1729339200000,1729382400000,2631.48000000,2655.50000000,2631.04000000,2648.20000000,46637.20330000,720,720,False
1729382400000,1729425600000,2648.20000000,2653.56000000,2635.54000000,2649.49000000,45921.49190000,720,720,False
1729425600000,1729468800000,2649.50000000,2759.00000000,2642.00000000,2746.91000000,210989.25290000,720,720,False
1729468800000,1729512000000,2746.91000000,2769.48000000,2701.41000000,2704.77000000,148144.90620000,720,720,False
1729512000000,1729555200000,2704.77000000,2711.36000000,2655.01000000,2666.70000000,162529.81700000,720,720,False
1729555200000,1729598400000,2666.71000000,2671.92000000,2613.20000000,2632.90000000,148870.14530000,720,720,False
1729598400000,1729641600000,2632.89000000,2645.50000000,2606.56000000,2622.81000000,116877.56770000,720,720,False
1729641600000,1729684800000,2622.81000000,2628.20000000,2563.73000000,2580.93000000,110977.21720000,720,720,False
1729684800000,1729728000000,2580.94000000,2587.40000000,2450.00000000,2524.61000000,241670.49140000,720,720,False
1729728000000,1729771200000,2524.60000000,2562.65000000,2508.80000000,2529.47000000,143679.51110000,720,720,False
1729771200000,1729814400000,2529.47000000,2560.00000000,2507.31000000,2535.82000000,147172.27310000,720,720,False
1729814400000,1729857600000,2535.82000000,2547.00000000,2462.06000000,2545.13000000,170352.47390000,720,720,False
1729857600000,1729900800000,2545.13000000,2566.33000000,2382.59000000,2440.62000000,344447.40830000,720,720,False
1729900800000,1729944000000,2440.63000000,2479.70000000,2430.12000000,2472.98000000,134328.63200000,720,720,False
1729944000000,1729987200000,2472.98000000,2508.00000000,2442.20000000,2482.51000000,114396.19930000,720,720,False
1729987200000,1730030400000,2482.51000000,2486.84000000,2464.13000000,2469.86000000,48859.68450000,720,720,False
1730030400000,1730073600000,2469.86000000,2527.99000000,2469.75000000,2507.80000000,88721.19910000,720,720,False
1730073600000,1730116800000,2507.80000000,2544.74000000,2471.67000000,2527.12000000,119102.57230000,720,720,False
1730116800000,1730160000000,2527.12000000,2589.67000000,2488.00000000,2567.48000000,241502.75470000,720,720,False
1730160000000,1730203200000,2567.49000000,2638.80000000,2561.20000000,2631.59000000,208316.93880000,720,720,False
1730203200000,1730246400000,2631.59000000,2681.86000000,2606.82000000,2638.80000000,243598.76370000,720,720,False
1730246400000,1730289600000,2638.80000000,2696.50000000,2599.66000000,2659.18000000,188158.85210000,720,720,False
1730289600000,1730332800000,2659.18000000,2722.30000000,2635.52000000,2659.19000000,272468.27390000,720,720,False
1730332800000,1730376000000,2659.19000000,2669.00000000,2625.26000000,2638.81000000,125025.25960000,720,720,False
1730376000000,1730419200000,2638.82000000,2641.00000000,2503.00000000,2518.61000000,278401.94210000,720,720,False
1730419200000,1730462400000,2518.61000000,2533.25000000,2467.67000000,2515.44000000,180753.93500000,720,720,False
1730462400000,1730505600000,2515.44000000,2586.80000000,2481.68000000,2511.49000000,249495.17230000,720,720,False
1730505600000,1730548800000,2511.49000000,2523.45000000,2491.20000000,2502.13000000,60256.53050000,720,720,False
1730548800000,1730592000000,2502.14000000,2504.50000000,2470.00000000,2494.23000000,85704.59950000,720,720,False
1730592000000,1730635200000,2494.23000000,2496.39000000,2421.29000000,2454.47000000,127900.56240000,720,720,False
1730635200000,1730678400000,2454.47000000,2475.52000000,2411.00000000,2457.73000000,148108.55730000,720,720,False
1730678400000,1730721600000,2457.73000000,2491.39000000,2434.99000000,2470.20000000,88329.21130000,720,720,False
1730721600000,1730764800000,2470.20000000,2486.00000000,2357.59000000,2398.21000000,217987.75320000,720,720,False
1730764800000,1730808000000,2398.21000000,2448.00000000,2380.74000000,2440.63000000,122950.39060000,720,720,False
1730808000000,1730851200000,2440.63000000,2480.00000000,2401.30000000,2422.55000000,208668.86390000,720,720,False
1730851200000,1730894400000,2422.60000000,2643.20000000,2420.30000000,2629.02000000,666611.01720000,720,720,False
1730894400000,1730937600000,2629.03000000,2744.70000000,2608.00000000,2721.87000000,335530.34460000,720,720,False
1730937600000,1730980800000,2721.88000000,2880.00000000,2699.49000000,2792.28000000,409087.03410000,720,720,False
1730980800000,1731024000000,2792.28000000,2916.11000000,2776.00000000,2895.47000000,321758.91830000,720,720,False
1731024000000,1731067200000,2895.47000000,2954.94000000,2886.40000000,2914.39000000,259461.58220000,720,720,False
1731067200000,1731110400000,2914.40000000,2981.69000000,2890.04000000,2961.75000000,309402.85280000,720,720,False
1731110400000,1731153600000,2961.75000000,3058.77000000,2953.71000000,3051.60000000,275659.42870000,720,720,False
1731153600000,1731196800000,3051.59000000,3157.40000000,2990.58000000,3126.21000000,251059.99250000,720,720,False
1731196800000,1731240000000,3126.20000000,3230.00000000,3103.70000000,3220.00000000,376836.16630000,720,720,False
1731240000000,1731283200000,3220.01000000,3248.52000000,3069.00000000,3183.21000000,488700.56590000,720,720,False
1731283200000,1731326400000,3183.20000000,3221.80000000,3105.00000000,3197.79000000,289767.03060000,720,720,False
1731326400000,1731369600000,3197.79000000,3387.61000000,3139.50000000,3371.59000000,710326.93580000,720,720,False
1731369600000,1731412800000,3371.59000000,3442.50000000,3207.67000000,3282.42000000,586496.72450000,720,720,False
1731412800000,1731456000000,3282.41000000,3304.78000000,3208.33000000,3243.80000000,386719.00400000,720,720,False
1731456000000,1731499200000,3243.79000000,3285.52000000,3116.69000000,3168.00000000,367636.70940000,720,720,False
1731499200000,1731542400000,3168.00000000,3331.00000000,3118.39000000,3187.16000000,552049.66530000,720,720,False
1731542400000,1731585600000,3187.16000000,3240.40000000,3155.00000000,3185.23000000,231406.63940000,720,720,False
1731585600000,1731628800000,3185.22000000,3198.99000000,3028.56000000,3058.82000000,374374.02680000,720,720,False
1731628800000,1731672000000,3058.81000000,3114.00000000,3014.79000000,3104.29000000,209883.89830000,720,720,False
1731672000000,1731715200000,3104.29000000,3131.06000000,3014.50000000,3090.01000000,309739.73340000,720,720,False
1731715200000,1731758400000,3090.01000000,3195.63000000,3072.00000000,3195.34000000,204817.26050000,720,720,False
1731758400000,1731801600000,3195.34000000,3219.97000000,3120.41000000,3132.87000000,218821.89680000,720,720,False
1731801600000,1731844800000,3132.88000000,3162.11000000,3034.99000000,3105.52000000,249065.86410000,720,720,False
1731844800000,1731888000000,3105.53000000,3126.72000000,3042.93000000,3076.00000000,200753.09340000,720,720,False
1731888000000,1731931200000,3075.99000000,3149.71000000,3050.01000000,3056.28000000,187356.20020000,720,720,False
1731931200000,1731974400000,3056.29000000,3224.94000000,3052.19000000,3207.80000000,453302.23550000,720,720,False
1731974400000,1732017600000,3207.81000000,3221.20000000,3091.13000000,3126.51000000,215628.75920000,720,720,False
1732017600000,1732060800000,3126.51000000,3150.00000000,3065.40000000,3107.44000000,284483.26020000,720,720,False
1732060800000,1732104000000,3107.45000000,3135.13000000,3071.60000000,3099.82000000,173891.70130000,720,720,False
1732104000000,1732147200000,3099.82000000,3159.20000000,3029.41000000,3069.97000000,329716.13230000,720,720,False
1732147200000,1732190400000,3069.97000000,3155.00000000,3032.59000000,3147.75000000,312556.02530000,720,720,False
1732190400000,1732233600000,3147.74000000,3386.73000000,3146.20000000,3355.81000000,662367.27820000,720,720,False
1732233600000,1732276800000,3355.88000000,3425.92000000,3304.39000000,3344.75000000,291458.96600000,720,720,False
1732276800000,1732320000000,3344.76000000,3357.18000000,3257.54000000,3327.78000000,311814.74330000,720,720,False
1732320000000,1732363200000,3327.78000000,3402.98000000,3312.72000000,3354.65000000,277990.10640000,720,720,False
1732363200000,1732406400000,3354.65000000,3497.51000000,3349.68000000,3393.91000000,443033.89450000,720,720,False
1732406400000,1732449600000,3393.91000000,3450.00000000,3339.11000000,3344.22000000,212860.95040000,720,720,False
1732449600000,1732492800000,3344.22000000,3372.22000000,3281.40000000,3361.20000000,266237.14170000,720,720,False
1732492800000,1732536000000,3361.21000000,3527.00000000,3300.01000000,3471.84000000,299143.03620000,720,720,False
1732536000000,1732579200000,3471.84000000,3546.66000000,3348.72000000,3414.49000000,650187.33380000,720,720,False
1732579200000,1732622400000,3414.49000000,3462.49000000,3280.10000000,3323.01000000,331444.97830000,720,720,False
1732622400000,1732665600000,3323.02000000,3362.50000000,3252.00000000,3324.73000000,340922.17200000,720,720,False
1732665600000,1732708800000,3324.74000000,3485.50000000,3302.40000000,3460.43000000,307895.67160000,720,720,False
1732708800000,1732752000000,3460.43000000,3684.92000000,3441.31000000,3653.28000000,446677.97690000,720,720,False
1732752000000,1732795200000,3653.27000000,3661.92000000,3564.75000000,3620.51000000,277741.18310000,720,720,False
1732795200000,1732838400000,3620.51000000,3642.19000000,3529.76000000,3578.79000000,283235.24190000,720,720,False
1732838400000,1732881600000,3578.80000000,3602.85000000,3534.28000000,3594.74000000,196558.19110000,720,720,False
1732881600000,1732924800000,3594.75000000,3647.98000000,3559.24000000,3592.21000000,228935.05380000,720,720,False
1732924800000,1732968000000,3592.22000000,3726.71000000,3568.40000000,3653.69000000,297970.20600000,720,720,False
1732968000000,1733011200000,3653.68000000,3738.98000000,3651.38000000,3703.60000000,205714.54250000,720,720,False
1733011200000,1733054400000,3703.59000000,3732.34000000,3659.20000000,3692.42000000,194789.38940000,720,720,False
1733054400000,1733097600000,3692.43000000,3746.80000000,3678.61000000,3707.61000000,234299.87390000,720,720,False
1733097600000,1733140800000,3707.61000000,3760.00000000,3569.58000000,3588.99000000,439101.04760000,720,720,False
1733140800000,1733184000000,3588.99000000,3682.01000000,3554.32000000,3643.42000000,298029.52140000,720,720,False
1733184000000,1733227200000,3643.43000000,3670.00000000,3585.00000000,3613.81000000,280855.91920000,720,720,False
1733227200000,1733270400000,3613.81000000,3634.81000000,3500.00000000,3614.51000000,397544.28400000,720,720,False
1733270400000,1733313600000,3614.51000000,3751.44000000,3614.51000000,3729.09000000,391479.36640000,720,720,False
1733313600000,1733356800000,3729.09000000,3887.24000000,3690.00000000,3837.80000000,577264.67350000,720,720,False
1733356800000,1733400000000,3837.80000000,3943.28000000,3765.71000000,3930.98000000,467523.68700000,720,720,False
1733400000000,1733443200000,3930.98000000,3956.00000000,3677.00000000,3785.20000000,478969.58900000,720,720,False
1733443200000,1733486400000,3785.21000000,3929.00000000,3777.26000000,3867.02000000,286266.33820000,720,720,False
1733486400000,1733529600000,3867.01000000,4087.73000000,3831.90000000,3998.87000000,517588.77640000,720,720,False
1733529600000,1733572800000,3998.87000000,4024.46000000,3968.00000000,3998.30000000,154129.99390000,720,720,False
1733572800000,1733616000000,3998.29000000,4024.01000000,3976.20000000,3996.22000000,129790.02610000,720,720,False
1733616000000,1733659200000,3996.22000000,4008.99000000,3923.50000000,3971.84000000,120424.93860000,720,720,False
1733659200000,1733702400000,3971.85000000,4015.58000000,3956.16000000,4004.15000000,130937.22990000,720,720,False
1733702400000,1733745600000,4004.15000000,4006.17000000,3841.24000000,3850.88000000,245433.15560000,720,720,False
1733745600000,1733788800000,3850.88000000,3946.00000000,3509.00000000,3712.00000000,694209.04450000,720,720,False
1733788800000,1733832000000,3712.00000000,3780.76000000,3615.11000000,3750.11000000,363257.76640000,720,720,False
1733832000000,1733875200000,3750.10000000,3754.50000000,3515.89000000,3628.25000000,578948.26730000,720,720,False
1733875200000,1733918400000,3628.24000000,3728.00000000,3562.34000000,3716.84000000,192901.53890000,720,720,False
1733918400000,1733961600000,3716.84000000,3848.64000000,3709.17000000,3831.81000000,268917.24120000,720,720,False
1733961600000,1734004800000,3831.82000000,3947.81000000,3796.80000000,3913.38000000,232867.09500000,720,720,False
1734004800000,1734048000000,3913.38000000,3987.41000000,3836.07000000,3881.61000000,339231.53930000,720,720,False
1734048000000,1734091200000,3881.60000000,3941.19000000,3852.94000000,3901.50000000,170751.34410000,720,720,False
1734091200000,1734134400000,3901.50000000,3968.47000000,3879.00000000,3906.80000000,217014.34320000,720,720,False
1734134400000,1734177600000,3906.80000000,3945.00000000,3886.20000000,3894.53000000,103967.35540000,720,720,False
1734177600000,1734220800000,3894.53000000,3898.80000000,3825.03000000,3870.29000000,161571.59250000,720,720,False
1734220800000,1734264000000,3870.30000000,3911.50000000,3831.50000000,3877.61000000,88430.27990000,720,720,False
1734264000000,1734307200000,3877.61000000,3974.61000000,3844.40000000,3959.09000000,165402.93420000,720,720,False
1734307200000,1734350400000,3959.09000000,4025.18000000,3902.39000000,3909.67000000,252349.41680000,720,720,False
1734350400000,1734393600000,3909.68000000,4107.80000000,3884.00000000,3986.24000000,421001.65550000,720,720,False
1734393600000,1734436800000,3986.24000000,4041.82000000,3943.00000000,3997.14000000,174838.66210000,720,720,False
1734436800000,1734480000000,3997.15000000,4025.60000000,3847.96000000,3893.01000000,275987.32400000,720,720,False
1734480000000,1734523200000,3893.01000000,3903.20000000,3803.63000000,3882.65000000,209224.47520000,720,720,False
1734523200000,1734566400000,3882.66000000,3907.19000000,3617.42000000,3626.80000000,513280.58660000,720,720,False
1734566400000,1734609600000,3626.80000000,3720.00000000,3542.22000000,3705.62000000,320315.90940000,720,720,False
1734609600000,1734652800000,3705.62000000,3710.20000000,3326.80000000,3417.01000000,757837.57570000,720,720,False
1734652800000,1734696000000,3417.01000000,3465.60000000,3103.00000000,3104.56000000,751377.56780000,720,720,False
1734696000000,1734739200000,3104.68000000,3497.84000000,3101.90000000,3472.21000000,581406.16320000,720,720,False
1734739200000,1734782400000,3472.20000000,3555.18000000,3423.91000000,3442.23000000,211934.73770000,720,720,False
1734782400000,1734825600000,3442.23000000,3444.24000000,3293.11000000,3338.92000000,263341.08230000,720,720,False
1734825600000,1734868800000,3338.92000000,3403.00000000,3295.07000000,3381.03000000,131465.52990000,720,720,False
1734868800000,1734912000000,3381.03000000,3397.88000000,3221.10000000,3281.83000000,230454.71960000,720,720,False
1734912000000,1734955200000,3281.83000000,3363.12000000,3216.97000000,3339.54000000,206104.96600000,720,720,False
1734955200000,1734998400000,3339.51000000,3466.99000000,3269.35000000,3422.53000000,282148.44400000,720,720,False
1734998400000,1735041600000,3422.53000000,3434.97000000,3358.19000000,3414.56000000,124459.73540000,720,720,False
1735041600000,1735084800000,3414.56000000,3539.65000000,3395.59000000,3493.18000000,191263.94090000,720,720,False
1735084800000,1735128000000,3493.17000000,3547.95000000,3458.00000000,3471.04000000,117611.62490000,720,720,False
1735128000000,1735171200000,3471.04000000,3501.05000000,3440.93000000,3497.00000000,102234.42030000,720,720,False
1735171200000,1735214400000,3497.00000000,3514.94000000,3346.87000000,3373.28000000,152206.09190000,720,720,False
1735214400000,1735257600000,3373.28000000,3374.00000000,3304.63000000,3335.05000000,157964.08000000,720,720,False
1735257600000,1735300800000,3335.04000000,3444.16000000,3317.25000000,3419.27000000,181960.60550000,720,720,False
1735300800000,1735344000000,3419.27000000,3423.00000000,3306.60000000,3333.51000000,160568.99830000,720,720,False
1735344000000,1735387200000,3333.51000000,3363.53000000,3322.23000000,3359.23000000,77165.97880000,720,720,False
1735387200000,1735430400000,3359.23000000,3428.68000000,3351.02000000,3404.00000000,98797.63420000,720,720,False
1735430400000,1735473600000,3404.01000000,3413.78000000,3375.62000000,3398.36000000,58002.72760000,720,720,False
1735473600000,1735516800000,3398.37000000,3410.92000000,3326.17000000,3356.48000000,98254.15430000,720,720,False
1735516800000,1735560000000,3356.48000000,3437.59000000,3347.77000000,3424.13000000,154830.60190000,720,720,False
1735560000000,1735603200000,3424.12000000,3430.20000000,3305.00000000,3361.84000000,265964.04570000,720,720,False
1735603200000,1735646400000,3361.83000000,3410.00000000,3315.59000000,3394.73000000,110754.43440000,720,720,False
1735646400000,1735689600000,3394.74000000,3451.00000000,3328.47000000,3337.78000000,192298.73410000,720,720,False
1735689600000,1735732800000,3337.78000000,3368.42000000,3313.88000000,3341.00000000,87522.33990000,720,720,False
1735732800000,1735776000000,3341.01000000,3374.85000000,3323.03000000,3360.38000000,102716.24620000,720,720,False
